CREATE DATABASE premier_league_2019_2020;
USE premier_league_2019_2020;

CREATE TABLE Stadiums (
  stadium_id INTEGER PRIMARY KEY,
  stadium_name TEXT NOT NULL,
  city TEXT,
  capacity INTEGER
);

CREATE TABLE Teams (
  team_id INTEGER PRIMARY KEY,
  team_name TEXT NOT NULL,
  stadium_id INTEGER,
  league_position INTEGER,
  FOREIGN KEY (stadium_id) REFERENCES Stadiums(stadium_id)
);


CREATE TABLE Players (
  player_id INTEGER PRIMARY KEY,
  full_name TEXT NOT NULL,
  team_id INTEGER,
  position TEXT,
  nationality TEXT,
  assists INTEGER DEFAULT 0,
  appearances INTEGER DEFAULT 0,        
  yellow_cards INTEGER DEFAULT 0,       
  red_cards INTEGER DEFAULT 0, 
  FOREIGN KEY (team_id) REFERENCES Teams(team_id)
);

CREATE TABLE Matches (
  match_id INTEGER PRIMARY KEY,
  match_date TEXT,
  home_team_id INTEGER,
  away_team_id INTEGER,
  stadium_id INTEGER,
  attendance INTEGER,
  game_week INTEGER,
  yellow_cards INTEGER DEFAULT 0,
  red_cards INTEGER DEFAULT 0,
  referee TEXT,
  FOREIGN KEY (home_team_id) REFERENCES Teams(team_id),
  FOREIGN KEY (away_team_id) REFERENCES Teams(team_id),
  FOREIGN KEY (stadium_id) REFERENCES Stadiums(stadium_id)
);

CREATE TABLE Goals (
  goal_id INTEGER PRIMARY KEY,
  match_id INTEGER,
  player_id INTEGER,
  team_id INTEGER,
  minute INTEGER,
  goal_type TEXT CHECK (goal_type IN ('Normal', 'Penalty', 'Free Kick', 'Header', 'Own Goal')),
  FOREIGN KEY (match_id) REFERENCES Matches(match_id),
  FOREIGN KEY (player_id) REFERENCES Players(player_id),
  FOREIGN KEY (team_id) REFERENCES Teams(team_id)
);

INSERT INTO Stadiums (stadium_id, stadium_name, city, capacity) VALUES
(1, 'Emirates Stadium', 'London', 60704),
(2, 'Villa Park', 'Birmingham', 42682),
(3, 'Vitality Stadium', 'Bournemouth', 11364),
(4, 'Amex Stadium', 'Brighton', 30750),
(5, 'Turf Moor', 'Burnley', 21944),
(6, 'Stamford Bridge', 'London', 40834),
(7, 'Selhurst Park', 'London', 25486),
(8, 'Goodison Park', 'Liverpool', 39572),
(9, 'King Power Stadium', 'Leicester', 32312),
(10, 'Anfield', 'Liverpool', 53394),
(11, 'Etihad Stadium', 'Manchester', 55097),
(12, 'Old Trafford', 'Manchester', 74140),
(13, 'St James Park', 'Newcastle', 52305),
(14, 'Carrow Road', 'Norwich', 27244),
(15, 'Bramall Lane', 'Sheffield', 32125),
(16, 'St Marys Stadium', 'Southampton', 32384),
(17, 'Tottenham Hotspur Stadium', 'London', 62062),
(18, 'Vicarage Road', 'Watford', 21577),
(19, 'London Stadium', 'London', 60000),
(20, 'Molineux Stadium', 'Wolverhampton', 32050);

INSERT INTO Teams (team_id, team_name, stadium_id, league_position) VALUES
(1, 'Arsenal', 1, 8),
(2, 'Aston Villa', 2, 17),
(3, 'Bournemouth', 3, 18),
(4, 'Brighton', 4, 15),
(5, 'Burnley', 5, 10),
(6, 'Chelsea', 6, 4),
(7, 'Crystal Palace', 7, 14),
(8, 'Everton', 8, 12),
(9, 'Leicester City', 9, 5),
(10, 'Liverpool', 10, 1),
(11, 'Manchester City', 11, 2),
(12, 'Manchester United', 12, 3),
(13, 'Newcastle United', 13, 13),
(14, 'Norwich City', 14, 20),
(15, 'Sheffield United', 15, 9),
(16, 'Southampton', 16, 11),
(17, 'Tottenham', 17, 6),
(18, 'Watford', 18, 19),
(19, 'West Ham', 19, 16),
(20, 'Wolves', 20, 7);

INSERT INTO Players (player_id, full_name, team_id, position, nationality, assists, appearances, yellow_cards, red_cards) VALUES
(1, 'Jamie Vardy', 9, 'Forward', 'England', 5, 35, 4, 0),
(2, 'Danny Ings', 16, 'Forward', 'England', 2, 38, 4, 0),
(3, 'Pierre-Emerick Aubameyang', 1, 'Forward', 'Gabon', 3, 36, 2, 0),
(4, 'Raheem Sterling', 11, 'Forward', 'England', 7, 33, 3, 0),
(5, 'Mohamed Salah', 10, 'Forward', 'Egypt', 10, 34, 1, 0),
(6, 'Sadio Mané', 10, 'Forward', 'Senegal', 9, 35, 4, 0),
(7, 'Harry Kane', 17, 'Forward', 'England', 2, 29, 5, 0),
(8, 'Raúl Jiménez', 20, 'Forward', 'Mexico', 6, 38, 5, 0),
(9, 'Anthony Martial', 12, 'Forward', 'France', 6, 32, 3, 0),
(10, 'Marcus Rashford', 12, 'Forward', 'England', 8, 31, 3, 0),
(11, 'Sergio Agüero', 11, 'Forward', 'Argentina', 4, 24, 4, 0),
(12, 'Tammy Abraham', 6, 'Forward', 'England', 3, 34, 1, 0),
(13, 'Gabriel Jesus', 11, 'Forward', 'Brazil', 7, 34, 2, 0),
(14, 'Chris Wood', 5, 'Forward', 'New Zealand', 1, 32, 3, 0),
(15, 'Richarlison', 8, 'Forward', 'Brazil', 3, 36, 5, 0),
(16, 'Dominic Calvert-Lewin', 8, 'Forward', 'England', 1, 36, 3, 0),
(17, 'Kevin De Bruyne', 11, 'Midfielder', 'Belgium', 20, 35, 3, 0),
(18, 'Teemu Pukki', 14, 'Forward', 'Finland', 3, 36, 2, 0),
(19, 'Riyad Mahrez', 11, 'Midfielder', 'Algeria', 9, 33, 1, 0),
(20, 'Son Heung-Min', 17, 'Midfielder', 'South Korea', 10, 30, 3, 0),
(21, 'Neal Maupay', 4, 'Forward', 'France', 3, 37, 7, 0),
(22, 'Mason Greenwood', 12, 'Forward', 'England', 1, 31, 0, 0),
(23, 'Alexandre Lacazette', 1, 'Forward', 'France', 4, 30, 2, 0),
(24, 'Troy Deeney', 18, 'Forward', 'England', 2, 27, 5, 0),
(25, 'Michail Antonio', 19, 'Forward', 'England', 3, 24, 1, 0),
(26, 'Roberto Firmino', 10, 'Forward', 'Brazil', 8, 38, 1, 0),
(27, 'Jordan Ayew', 7, 'Forward', 'Ghana', 1, 37, 4, 0),
(28, 'Willian', 6, 'Midfielder', 'Brazil', 7, 36, 2, 0),
(29, 'Christian Pulisic', 6, 'Midfielder', 'USA', 4, 25, 2, 0),
(30, 'Jack Grealish', 2, 'Midfielder', 'England', 6, 36, 8, 0),
(31, 'Trent Alexander-Arnold', 10, 'Defender', 'England', 13, 38, 3, 0),
(32, 'Andrew Robertson', 10, 'Defender', 'Scotland', 12, 36, 4, 0),
(33, 'David Silva', 11, 'Midfielder', 'Spain', 10, 27, 1, 0),
(34, 'Adama Traoré', 20, 'Midfielder', 'Spain', 9, 37, 3, 0),
(35, 'Bruno Fernandes', 12, 'Midfielder', 'Portugal', 7, 14, 3, 0),
(36, 'Alisson Becker', 10, 'Goalkeeper', 'Brazil', 1, 29, 2, 1),
(37, 'Ederson', 11, 'Goalkeeper', 'Brazil', 0, 35, 3, 1),
(38, 'David de Gea', 12, 'Goalkeeper', 'Spain', 0, 38, 0, 0),
(39, 'Bernd Leno', 1, 'Goalkeeper', 'Germany', 0, 30, 1, 0),
(40, 'Virgil van Dijk', 10, 'Defender', 'Netherlands', 1, 38, 1, 0),
(41, 'Jordan Henderson', 10, 'Midfielder', 'England', 5, 30, 3, 0),
(42, 'James Maddison', 9, 'Midfielder', 'England', 5, 31, 3, 0),
(43, 'Mason Mount', 6, 'Midfielder', 'England', 5, 37, 5, 0),
(44, 'N''Golo Kanté', 6, 'Midfielder', 'France', 0, 22, 4, 0),
(45, 'John Fleck', 15, 'Midfielder', 'Scotland', 2, 29, 5, 0),
(46, 'Aaron Wan-Bissaka', 12, 'Defender', 'England', 4, 35, 4, 0),
(47, 'Rúben Neves', 20, 'Midfielder', 'Portugal', 2, 38, 7, 0),
(48, 'Todd Cantwell', 14, 'Midfielder', 'England', 2, 37, 2, 0),
(49, 'Callum Wilson', 3, 'Forward', 'England', 1, 35, 2, 0),
(50, 'Lucas Digne', 8, 'Defender', 'France', 7, 35, 6, 0);


INSERT INTO Matches(match_id, match_date, home_team_id, away_team_id, stadium_id, attendance, game_week, yellow_cards, red_cards, referee) VALUES
-- 1. forduló
(1, '2019-08-09', 10, 14, 10, 53000, 1, 2, 0, 'Michael Oliver'),
(2, '2019-08-10', 19, 11, 19, 59000, 1, 3, 0, 'Mike Dean'),
(3, '2019-08-10', 3, 15, 3, 11000, 1, 4, 0, 'Kevin Friend'),
(4, '2019-08-10', 5, 16, 5, 21000, 1, 3, 0, 'Graham Scott'),
(5, '2019-08-10', 7, 8, 7, 25000, 1, 3, 0, 'Jonathan Moss'),
(6, '2019-08-10', 18, 4, 18, 21000, 1, 2, 0, 'Craig Pawson'),
(7, '2019-08-10', 17, 2, 17, 60000, 1, 3, 0, 'Martin Atkinson'),
(8, '2019-08-11', 9, 20, 9, 32000, 1, 4, 0, 'Andre Marriner'),
(9, '2019-08-11', 13, 1, 13, 52000, 1, 5, 0, 'Martin Atkinson'),
(10, '2019-08-11', 12, 6, 12, 73000, 1, 4, 0, 'Anthony Taylor'),

-- 2. forduló
(11, '2019-08-17', 1, 5, 1, 60000, 2, 3, 0, 'Mike Dean'),
(12, '2019-08-17', 2, 3, 2, 42000, 2, 6, 0, 'Martin Atkinson'),
(13, '2019-08-17', 4, 19, 4, 30000, 2, 5, 0, 'Anthony Taylor'),
(14, '2019-08-17', 14, 13, 14, 27000, 2, 2, 0, 'Graham Scott'),
(15, '2019-08-17', 8, 18, 8, 39000, 2, 2, 0, 'Lee Mason'),
(16, '2019-08-17', 11, 17, 11, 54000, 2, 3, 0, 'Michael Oliver'),
(17, '2019-08-17', 16, 10, 16, 31000, 2, 4, 0, 'Craig Pawson'),
(18, '2019-08-18', 15, 7, 15, 32000, 2, 2, 0, 'David Coote'),
(19, '2019-08-18', 6, 9, 6, 40000, 2, 3, 0, 'Graham Scott'),
(20, '2019-08-19', 20, 12, 20, 31000, 2, 5, 0, 'Jon Moss'),

-- 3. forduló
(21, '2019-08-23', 2, 8, 2, 41000, 3, 3, 0, 'Michael Oliver'),
(22, '2019-08-24', 14, 6, 14, 27000, 3, 4, 0, 'Martin Atkinson'),
(23, '2019-08-24', 4, 16, 4, 30000, 3, 3, 0, 'Kevin Friend'),
(24, '2019-08-24', 12, 7, 12, 73000, 3, 4, 0, 'Paul Tierney'),
(25, '2019-08-24', 15, 9, 15, 32000, 3, 4, 0, 'Andy Madley'),
(26, '2019-08-24', 18, 19, 18, 21000, 3, 4, 0, 'Christopher Kavanagh'),
(27, '2019-08-24', 10, 1, 10, 53000, 3, 3, 0, 'Anthony Taylor'),
(28, '2019-08-25', 3, 11, 3, 11000, 3, 5, 0, 'Andre Marriner'),
(29, '2019-08-25', 17, 13, 17, 60000, 3, 5, 0, 'Mike Dean'),
(30, '2019-08-25', 20, 5, 20, 31000, 3, 3, 0, 'Jonathan Moss'),

-- 4. forduló
(31, '2019-08-31', 16, 12, 16, 31000, 4, 5, 0, 'Mike Dean'),
(32, '2019-08-31', 6, 15, 6, 40000, 4, 3, 0, 'Michael Oliver'),
(33, '2019-08-31', 7, 2, 7, 25000, 4, 4, 0, 'Kevin Friend'),
(34, '2019-08-31', 9, 3, 9, 32000, 4, 2, 0, 'Peter Bankes'),
(35, '2019-08-31', 11, 4, 11, 54000, 4, 2, 0, 'Jonathan Moss'),
(36, '2019-08-31', 13, 18, 13, 52000, 4, 3, 0, 'Graham Scott'),
(37, '2019-08-31', 19, 14, 19, 59000, 4, 4, 0, 'Paul Tierney'),
(38, '2019-09-01', 8, 20, 8, 39000, 4, 6, 0, 'Anthony Taylor'),
(39, '2019-09-01', 1, 17, 1, 60000, 4, 5, 0, 'Martin Atkinson'),
(40, '2019-09-01', 5, 10, 5, 21000, 4, 3, 0, 'Chris Kavanagh'),

-- 5. forduló
(41, '2019-09-14', 10, 13, 10, 53000, 5, 2, 0, 'Andre Marriner'),
(42, '2019-09-14', 4, 5, 4, 30000, 5, 3, 0, 'Michael Oliver'),
(43, '2019-09-14', 12, 9, 12, 73000, 5, 3, 0, 'Martin Atkinson'),
(44, '2019-09-14', 15, 16, 15, 32000, 5, 4, 0, 'Lee Mason'),
(45, '2019-09-14', 17, 7, 17, 60000, 5, 4, 0, 'Jon Moss'),
(46, '2019-09-14', 20, 6, 20, 31000, 5, 5, 0, 'Graham Scott'),
(47, '2019-09-14', 14, 11, 14, 27000, 5, 3, 0, 'Kevin Friend'),
(48, '2019-09-15', 3, 8, 3, 11000, 5, 4, 0, 'Paul Tierney'),
(49, '2019-09-15', 18, 1, 18, 21000, 5, 2, 0, 'Anthony Taylor'),
(50, '2019-09-16', 2, 19, 2, 42000, 5, 3, 0, 'Mike Dean'),

-- 10. forduló
(51, '2019-10-25', 16, 9, 16, 32000, 10, 3, 1, 'Andre Marriner'),
(52, '2019-10-26', 11, 2, 11, 54000, 10, 2, 0, 'Graham Scott'),
(53, '2019-10-26', 4, 8, 4, 30000, 10, 5, 0, 'Andy Madley'),
(54, '2019-10-26', 19, 15, 19, 59000, 10, 2, 0, 'David Coote'),
(55, '2019-10-26', 18, 3, 18, 21000, 10, 4, 0, 'Mike Dean'),
(56, '2019-10-27', 13, 20, 13, 52000, 10, 5, 0, 'Kevin Friend'),
(57, '2019-10-27', 1, 7, 1, 60000, 10, 4, 0, 'Martin Atkinson'),
(58, '2019-10-27', 10, 17, 10, 53000, 10, 4, 0, 'Anthony Taylor'),
(59, '2019-10-27', 14, 12, 14, 27000, 10, 6, 0, 'Stuart Attwell'),
(60, '2019-10-27', 5, 6, 5, 21000, 10, 4, 0, 'Michael Oliver'),

-- 15. forduló
(61, '2019-12-03', 7, 3, 7, 25000, 15, 3, 0, 'Anthony Taylor'),
(62, '2019-12-03', 5, 11, 5, 21000, 15, 4, 0, 'Jonathan Moss'),
(63, '2019-12-04', 6, 2, 6, 40000, 15, 5, 0, 'Mike Dean'),
(64, '2019-12-04', 9, 18, 9, 32000, 15, 3, 0, 'Craig Pawson'),
(65, '2019-12-04', 12, 17, 12, 73000, 15, 4, 0, 'Paul Tierney'),
(66, '2019-12-04', 16, 14, 16, 31000, 15, 3, 0, 'Kevin Friend'),
(67, '2019-12-04', 20, 19, 20, 31000, 15, 4, 0, 'Andre Marriner'),
(68, '2019-12-04', 10, 8, 10, 53000, 15, 2, 0, 'Michael Oliver'),
(69, '2019-12-05', 15, 13, 15, 32000, 15, 4, 0, 'Stuart Attwell'),
(70, '2019-12-05', 1, 4, 1, 60000, 15, 4, 0, 'Graham Scott'),

-- 19. forduló
(71, '2019-12-26', 17, 4, 17, 60000, 19, 3, 0, 'Graham Scott'),
(72, '2019-12-26', 3, 1, 3, 11000, 19, 5, 0, 'Martin Atkinson'),
(73, '2019-12-26', 6, 16, 6, 40000, 19, 4, 0, 'Mike Dean'),
(74, '2019-12-26', 7, 19, 7, 25000, 19, 4, 0, 'Stuart Attwell'),
(75, '2019-12-26', 8, 5, 8, 39000, 19, 2, 0, 'Andre Marriner'),
(76, '2019-12-26', 9, 10, 9, 32000, 19, 2, 0, 'Michael Oliver'),
(77, '2019-12-26', 12, 13, 12, 73000, 19, 3, 0, 'Kevin Friend'),
(78, '2019-12-26', 2, 14,, 2, 42000, 19, 4, 0, 'Chris Kavanagh'),
(79, '2019-12-27', 20, 11, 20, 31000, 19, 6, 0, 'Martin Atkinson'),
(80, '2019-12-28', 15, 18, 15, 32000, 19, 4, 0, 'David Coote'),

-- 25. forduló
(81, '2020-02-01', 9, 6, 9, 32000, 25, 5, 0, 'Lee Mason'),
(82, '2020-02-01', 3, 2, 3, 11000, 25, 4, 0, 'Anthony Taylor'),
(83, '2020-02-01', 7, 15, 7, 25000, 25, 3, 0, 'Andy Madley'),
(84, '2020-02-01', 10, 16, 10, 53000, 25, 3, 0, 'Kevin Friend'),
(85, '2020-02-01', 13, 14, 13, 52000, 25, 4, 0, 'Martin Atkinson'),
(86, '2020-02-01', 19, 4, 19, 59000, 25, 5, 0, 'Michael Oliver'),
(87, '2020-02-01', 18, 8, 18, 21000, 25, 4, 0, 'David Coote'),
(88, '2020-02-02', 5, 1, 5, 21000, 25, 3, 0, 'Chris Kavanagh'),
(89, '2020-02-02', 17, 11, 17, 60000, 25, 3, 0, 'Mike Dean'),
(90, '2020-02-02', 12, 20, 12, 73000, 25, 4, 0, 'Paul Tierney'),

-- 38. forduló
(91, '2020-07-26', 1, 18, 1, 0, 38, 3, 0, 'Mike Dean'),
(92, '2020-07-26', 5, 4, 5, 0, 38, 3, 0, 'Martin Atkinson'),
(93, '2020-07-26', 6, 20, 6, 0, 38, 1, 0, 'Stuart Attwell'),
(94, '2020-07-26', 7, 17, 7, 0, 38, 4, 0, 'Andre Marriner'),
(95, '2020-07-26', 8, 3, 8, 0, 38, 5, 1, 'Chris Kavanagh'),
(96, '2020-07-26', 9, 12, 9, 0, 38, 3, 0, 'Michael Oliver'),
(97, '2020-07-26', 11, 14, 11, 0, 38, 1, 0, 'Craig Pawson'),
(98, '2020-07-26', 16, 15, 16, 0, 38, 3, 0, 'Peter Bankes'),
(99, '2020-07-26', 13, 10,  13, 0, 38, 4, 0, 'Anthony Taylor'),
(100, '2020-07-26', 19, 2, 19, 0, 38, 2, 0, 'Martin Atkinson');

INSERT INTO Goals (goal_id, match_id, player_id, team_id, minute, goal_type) VALUES
-- 1. forduló góljai
(1, 1, 5, 10, 26, 'Normal'),
(2, 1, 18, 14, 35, 'Penalty'),
(3, 1, 26, 10, 47, 'Header'),
(4, 1, 5, 10, 72, 'Normal'),
(5, 1, 40, 10, 88, 'Header'),
(6, 2, 4, 11, 7, 'Normal'),
(7, 2, 11, 11, 25, 'Normal'),
(8, 2, 17, 11, 39, 'Free Kick'),
(9, 2, 4, 11, 55, 'Normal'),
(10, 2, 19, 11, 81, 'Normal'),
(11, 3, 49, 3, 62, 'Header'),
(12, 3, 45, 15, 77, 'Normal'),
(13, 4, 14, 5, 33, 'Normal'),
(14, 4, 14, 5, 43, 'Normal'),
(15, 4, 14, 5, 74, 'Header'),
(16, 6, 21, 4, 28, 'Normal'),
(17, 6, 21, 4, 65, 'Penalty'),
(18, 6, 21, 4, 79, 'Normal'),
(19, 7, 7, 17, 13, 'Normal'),
(20, 7, 20, 17, 31, 'Normal'),
(21, 7, 7, 17, 61, 'Penalty'),
(22, 7, 30, 2, 73, 'Normal'),
(23, 9, 3, 1, 58, 'Normal'),
(24, 10, 10, 12, 18, 'Normal'),
(25, 10, 9, 12, 27, 'Normal'),
(26, 10, 10, 12, 66, 'Penalty'),
(27, 10, 9, 12, 81, 'Normal'),

-- 25. forduló góljai
(28, 81, 42, 9, 23, 'Normal'),
(29, 81, 12, 6, 34, 'Header'),
(30, 81, 43, 6, 54, 'Normal'),
(31, 81, 1, 9, 76, 'Penalty'),
(32, 82, 49, 3, 40, 'Normal'),
(33, 82, 30, 2, 57, 'Free Kick'),
(34, 82, 49, 3, 82, 'Normal'),
(35, 83, 45, 15, 38, 'Normal'),
(36, 84, 5, 10, 18, 'Normal'),
(37, 84, 6, 10, 36, 'Header'),
(38, 84, 5, 10, 47, 'Penalty'),
(39, 84, 26, 10, 69, 'Normal'),
(40, 86, 25, 19, 15, 'Normal'),
(41, 86, 21, 4, 27, 'Normal'),
(42, 86, 25, 19, 57, 'Normal'),
(43, 86, 21, 4, 65, 'Normal'),
(44, 86, 25, 19, 82, 'Header'),
(45, 86, 21, 4, 90, 'Penalty'),
(46, 87, 24, 18, 42, 'Penalty'),
(47, 87, 24, 18, 65, 'Normal'),
(48, 87, 15, 8, 56, 'Normal'),
(49, 87, 16, 8, 78, 'Normal'),
(50, 87, 16, 8, 89, 'Normal'),
(51, 89, 7, 17, 43, 'Header'),
(52, 89, 7, 17, 62, 'Penalty'),

-- 38. forduló góljai
(53, 91, 3, 1, 33, 'Normal'),
(54, 91, 3, 1, 45, 'Penalty'),
(55, 91, 24, 18, 66, 'Normal'),
(56, 91, 24, 18, 78, 'Normal'),
(57, 91, 3, 1, 86, 'Normal'),
(58, 92, 14, 5, 38, 'Header'),
(59, 92, 21, 4, 44, 'Normal'),
(60, 92, 21, 4, 87, 'Normal'),
(61, 93, 28, 6, 28, 'Free Kick'),
(62, 93, 43, 6, 55, 'Normal'),
(63, 94, 27, 7, 13, 'Normal'),
(64, 94, 7, 17, 81, 'Normal'),
(65, 95, 16, 8, 16, 'Normal'),
(66, 95, 49, 3, 41, 'Normal'),
(67, 95, 49, 3, 57, 'Penalty'),
(68, 95, 49, 3, 74, 'Header'),
(69, 96, 35, 12, 71, 'Free Kick'),
(70, 96, 9, 12, 85, 'Normal'),
(71, 97, 4, 11, 11, 'Normal'),
(72, 97, 17, 11, 21, 'Normal'),
(73, 97, 19, 11, 45, 'Normal'),
(74, 97, 4, 11, 79, 'Normal'),
(75, 97, 13, 11, 89, 'Normal'),
(76, 98, 2, 16, 27, 'Normal'),
(77, 98, 2, 16, 34, 'Normal'),
(78, 98, 45, 15, 55, 'Normal'),
(79, 98, 2, 16, 69, 'Header'),
(80, 99, 5, 10, 19, 'Normal'),
(81, 99, 6, 10, 30, 'Normal'),
(82, 99, 31, 10, 68, 'Free Kick'),
(83, 99, 25, 19, 58, 'Normal'),
(84, 100, 30, 2, 17, 'Normal'),
(85, 100, 25, 19, 60, 'Normal');
